level	page_num	block_num	par_num	line_num	word_num	left	top	width	height	conf	text
1	1	0	0	0	0	0	0	1275	1651	-1	
2	1	1	0	0	0	38	162	638	100	-1	
3	1	1	1	0	0	38	162	638	100	-1	
4	1	1	1	1	0	38	162	293	12	-1	
5	1	1	1	1	1	38	162	44	12	93.245003	PART
5	1	1	1	1	2	88	162	3	12	86.020111	|
5	1	1	1	1	3	96	169	17	2	86.020111	—
5	1	1	1	1	4	119	162	89	12	95.596748	FINANCIAL
5	1	1	1	1	5	215	162	116	12	96.579361	INFORMATION
4	1	1	1	2	0	38	205	239	12	-1	
5	1	1	1	2	1	38	205	32	12	73.293365	Item
5	1	1	1	2	2	77	205	12	12	57.343323	1.
5	1	1	1	2	3	110	205	71	12	57.343323	Financial
5	1	1	1	2	4	187	205	90	12	96.771370	Statements
4	1	1	1	3	0	596	247	80	15	-1	
5	1	1	1	3	1	596	247	46	15	94.865334	Apple
5	1	1	1	3	2	649	247	27	12	96.265816	Inc.
2	1	2	0	0	0	283	289	706	35	-1	
3	1	2	1	0	0	283	289	706	35	-1	
4	1	2	1	1	0	332	289	608	16	-1	
5	1	2	1	1	1	332	289	106	12	96.594711	CONDENSED
5	1	2	1	1	2	445	289	133	12	96.848618	CONSOLIDATED
5	1	2	1	1	3	584	289	113	12	96.921906	STATEMENTS
5	1	2	1	1	4	703	289	22	12	96.959641	OF
5	1	2	1	1	5	731	289	111	12	96.912727	OPERATIONS
5	1	2	1	1	6	848	289	92	16	96.164375	(Unaudited)
4	1	2	1	2	0	283	309	706	15	-1	
5	1	2	1	2	1	283	309	18	15	88.824715	(In
5	1	2	1	2	2	308	309	59	14	95.643875	millions,
5	1	2	1	2	3	373	309	50	15	96.563972	except
5	1	2	1	2	4	428	309	56	12	96.349373	number
5	1	2	1	2	5	490	309	14	12	96.945679	of
5	1	2	1	2	6	509	309	49	12	92.379372	shares
5	1	2	1	2	7	563	309	43	12	96.988907	which
5	1	2	1	2	8	612	312	23	9	96.792320	are
5	1	2	1	2	9	642	309	62	12	93.540894	reflected
5	1	2	1	2	10	711	312	11	9	96.705650	in
5	1	2	1	2	11	728	309	77	12	96.705650	thousands
5	1	2	1	2	12	811	309	26	12	96.978928	and
5	1	2	1	2	13	844	312	24	12	96.927284	per
5	1	2	1	2	14	873	309	41	12	96.927284	share
5	1	2	1	2	15	920	309	69	15	96.891541	amounts)
2	1	3	0	0	0	654	372	582	1	-1	
3	1	3	1	0	0	654	372	582	1	-1	
4	1	3	1	1	0	654	372	582	1	-1	
5	1	3	1	1	1	654	372	582	1	95.000000	 
2	1	4	0	0	0	654	410	582	1	-1	
3	1	4	1	0	0	654	410	582	1	-1	
4	1	4	1	1	0	654	410	582	1	-1	
5	1	4	1	1	1	654	410	582	1	95.000000	 
2	1	5	0	0	0	654	477	582	2	-1	
3	1	5	1	0	0	654	477	582	2	-1	
4	1	5	1	1	0	654	477	582	2	-1	
5	1	5	1	1	1	654	477	582	2	95.000000	 
2	1	6	0	0	0	654	594	582	1	-1	
3	1	6	1	0	0	654	594	582	1	-1	
4	1	6	1	1	0	654	594	582	1	-1	
5	1	6	1	1	1	654	594	582	1	95.000000	 
2	1	7	0	0	0	654	618	582	1	-1	
3	1	7	1	0	0	654	618	582	1	-1	
4	1	7	1	1	0	654	618	582	1	-1	
5	1	7	1	1	1	654	618	582	1	95.000000	 
2	1	8	0	0	0	654	642	582	1	-1	
3	1	8	1	0	0	654	642	582	1	-1	
4	1	8	1	1	0	654	642	582	1	-1	
5	1	8	1	1	1	654	642	582	1	95.000000	 
2	1	9	0	0	0	654	735	582	1	-1	
3	1	9	1	0	0	654	735	582	1	-1	
4	1	9	1	1	0	654	735	582	1	-1	
5	1	9	1	1	1	654	735	582	1	95.000000	 
2	1	10	0	0	0	654	758	582	2	-1	
3	1	10	1	0	0	654	758	582	2	-1	
4	1	10	1	1	0	654	758	582	2	-1	
5	1	10	1	1	1	654	758	582	2	95.000000	 
2	1	11	0	0	0	654	829	582	1	-1	
3	1	11	1	0	0	654	829	582	1	-1	
4	1	11	1	1	0	654	829	582	1	-1	
5	1	11	1	1	1	654	829	582	1	95.000000	 
2	1	12	0	0	0	654	875	582	2	-1	
3	1	12	1	0	0	654	875	582	2	-1	
4	1	12	1	1	0	654	875	582	2	-1	
5	1	12	1	1	1	654	875	582	2	95.000000	 
2	1	13	0	0	0	654	899	582	1	-1	
3	1	13	1	0	0	654	899	582	1	-1	
4	1	13	1	1	0	654	899	582	1	-1	
5	1	13	1	1	1	654	899	582	1	95.000000	 
2	1	14	0	0	0	654	903	582	2	-1	
3	1	14	1	0	0	654	903	582	2	-1	
4	1	14	1	1	0	654	903	582	2	-1	
5	1	14	1	1	1	654	903	582	2	95.000000	 
2	1	15	0	0	0	39	356	1189	735	-1	
3	1	15	1	0	0	39	356	1189	727	-1	
4	1	15	1	1	0	721	356	439	11	-1	
5	1	15	1	1	1	721	356	41	11	96.788376	Three
5	1	15	1	1	2	768	356	53	11	96.612694	Months
5	1	15	1	1	3	828	356	45	11	96.343079	Ended
5	1	15	1	1	4	1028	356	22	11	88.502769	Six
5	1	15	1	1	5	1056	356	53	11	95.961578	Months
5	1	15	1	1	6	1115	356	45	11	96.486282	Ended
4	1	15	1	2	0	686	379	514	13	-1	
5	1	15	1	2	1	686	379	43	11	96.850189	March
5	1	15	1	2	2	735	379	20	13	96.986954	27,
5	1	15	1	2	3	835	379	43	11	96.985466	March
5	1	15	1	2	4	884	379	20	13	96.985924	28,
5	1	15	1	2	5	983	379	44	11	96.757004	March
5	1	15	1	2	6	1032	379	20	13	96.921280	27,
5	1	15	1	2	7	1131	379	43	11	96.979561	March
5	1	15	1	2	8	1180	379	20	13	96.980652	28,
4	1	15	1	3	0	706	394	478	11	-1	
5	1	15	1	3	1	706	394	31	11	95.768600	2021
5	1	15	1	3	2	855	394	33	11	96.168213	2020
5	1	15	1	3	3	1003	394	32	11	74.844833	2021
5	1	15	1	3	4	1151	394	33	11	95.834152	2020
4	1	15	1	4	0	39	414	72	12	-1	
5	1	15	1	4	1	39	414	25	12	96.900009	Net
5	1	15	1	4	2	69	414	42	12	96.900009	sales:
4	1	15	1	5	0	53	436	1175	15	-1	
5	1	15	1	5	1	53	437	65	12	96.421097	Products
5	1	15	1	5	2	656	436	8	15	90.552155	$
5	1	15	1	5	3	733	437	50	14	70.089905	72,683
5	1	15	1	5	4	805	436	8	15	70.089905	$
5	1	15	1	5	5	882	437	51	14	77.413673	44,965
5	1	15	1	5	6	954	436	8	15	77.413673	$
5	1	15	1	5	7	1021	437	57	14	72.889389	168,361
5	1	15	1	5	8	1102	436	8	15	79.501373	$
5	1	15	1	5	9	1169	437	59	14	95.108276	124,069
4	1	15	1	6	0	53	449	1175	32	-1	
5	1	15	1	6	1	53	449	63	32	96.388306	Services
5	1	15	1	6	2	734	459	47	14	96.176193	16,901
5	1	15	1	6	3	883	449	49	32	95.924118	13,348
5	1	15	1	6	4	1030	459	50	14	95.531662	32,662
5	1	15	1	6	5	1177	459	51	14	72.428589	26,063
4	1	15	1	7	0	72	483	1156	14	-1	
5	1	15	1	7	1	72	483	36	12	96.791718	Total
5	1	15	1	7	2	115	484	22	11	93.248413	net
5	1	15	1	7	3	143	483	38	12	78.164078	sales
5	1	15	1	7	4	733	483	50	14	77.251015	89,584
5	1	15	1	7	5	882	483	50	14	70.606979	58,313
5	1	15	1	7	6	1020	483	60	14	87.841782	201,023
5	1	15	1	7	7	1169	483	59	14	93.158852	150,132
4	1	15	1	8	0	39	531	100	12	-1	
5	1	15	1	8	1	39	531	33	12	96.891335	Cost
5	1	15	1	8	2	78	531	14	12	96.960480	of
5	1	15	1	8	3	97	531	42	12	96.930237	sales:
4	1	15	1	9	0	53	553	1175	14	-1	
5	1	15	1	9	1	53	553	65	12	96.227310	Products
5	1	15	1	9	2	732	553	51	14	94.872673	46,447
5	1	15	1	9	3	882	553	48	14	95.739967	31,321
5	1	15	1	9	4	1022	553	58	14	95.442802	108,577
5	1	15	1	9	5	1177	553	51	14	89.942497	83,396
4	1	15	1	10	0	53	566	1175	32	-1	
5	1	15	1	10	1	53	566	63	32	96.563835	Services
5	1	15	1	10	2	743	576	40	14	92.813271	5,058
5	1	15	1	10	3	891	576	41	14	95.925537	4,622
5	1	15	1	10	4	1031	576	49	14	96.453728	10,039
5	1	15	1	10	5	1187	576	41	14	93.565750	9,149
4	1	15	1	11	0	72	590	1156	32	-1	
5	1	15	1	11	1	72	600	36	12	96.703392	Total
5	1	15	1	11	2	114	600	31	12	96.752823	cost
5	1	15	1	11	3	150	600	14	12	96.887169	of
5	1	15	1	11	4	169	600	38	12	96.804642	sales
5	1	15	1	11	5	733	600	50	14	94.875946	51,505
5	1	15	1	11	6	882	590	50	32	88.451241	35,943
5	1	15	1	11	7	1022	600	58	14	94.689484	118,616
5	1	15	1	11	8	1177	600	51	14	87.891663	92,545
4	1	15	1	12	0	106	624	1122	16	-1	
5	1	15	1	12	1	106	624	44	12	94.706337	Gross
5	1	15	1	12	2	156	627	50	13	96.978577	margin
5	1	15	1	12	3	733	624	50	14	96.441353	38,079
5	1	15	1	12	4	882	624	50	14	95.557106	22,370
5	1	15	1	12	5	1030	624	50	14	96.561829	82,407
5	1	15	1	12	6	1178	624	50	14	95.821396	57,587
4	1	15	1	13	0	39	671	153	16	-1	
5	1	15	1	13	1	39	671	72	16	96.875381	Operating
5	1	15	1	13	2	117	674	75	12	96.857414	expenses:
4	1	15	1	14	0	73	694	1155	15	-1	
5	1	15	1	14	1	73	694	70	12	95.465218	Research
5	1	15	1	14	2	149	694	27	12	96.926781	and
5	1	15	1	14	3	182	694	96	15	96.780243	development
5	1	15	1	14	4	743	694	40	14	93.999298	5,262
5	1	15	1	14	5	891	694	41	14	95.688126	4,565
5	1	15	1	14	6	1031	694	49	14	96.246521	10,425
5	1	15	1	14	7	1187	694	41	14	93.280197	9,016
4	1	15	1	15	0	72	716	1156	16	-1	
5	1	15	1	15	1	72	716	54	16	92.509155	Selling,
5	1	15	1	15	2	132	716	55	16	92.694786	general
5	1	15	1	15	3	193	716	27	12	96.849457	and
5	1	15	1	15	4	226	716	103	12	96.759277	administrative
5	1	15	1	15	5	743	716	40	14	91.535904	5,314
5	1	15	1	15	6	891	716	41	14	95.650734	4,952
5	1	15	1	15	7	1031	716	49	14	96.709007	10,945
5	1	15	1	15	8	1178	716	50	14	95.964195	10,149
4	1	15	1	16	0	106	740	1122	16	-1	
5	1	15	1	16	1	106	740	36	12	96.864067	Total
5	1	15	1	16	2	148	740	69	16	96.864067	operating
5	1	15	1	16	3	223	743	72	12	91.380043	expenses
5	1	15	1	16	4	734	740	49	14	96.733482	10,576
5	1	15	1	16	5	891	740	41	14	70.610413	9,517
5	1	15	1	16	6	1030	740	50	14	96.622200	21,370
5	1	15	1	16	7	1179	740	49	14	95.629997	19,165
4	1	15	1	17	0	39	788	1189	16	-1	
5	1	15	1	17	1	39	788	72	16	94.285652	Operating
5	1	15	1	17	2	118	791	52	9	96.534668	income
5	1	15	1	17	3	733	788	50	14	93.299080	27,503
5	1	15	1	17	4	883	788	49	14	95.675507	12,853
5	1	15	1	17	5	1030	788	50	14	96.405304	61,037
5	1	15	1	17	6	1178	788	50	14	95.849129	38,422
4	1	15	1	18	0	39	811	1186	16	-1	
5	1	15	1	18	1	39	811	41	12	93.216919	Other
5	1	15	1	18	2	86	811	137	16	88.785103	income/(expense),
5	1	15	1	18	3	230	812	22	11	96.804054	net
5	1	15	1	18	4	757	811	26	12	95.804955	508
5	1	15	1	18	5	905	811	27	12	93.871780	282
5	1	15	1	18	6	1053	811	27	12	88.605423	553
5	1	15	1	18	7	1201	811	24	12	91.641045	631
4	1	15	1	19	0	39	835	1189	15	-1	
5	1	15	1	19	1	39	835	53	12	95.833641	Income
5	1	15	1	19	2	99	835	46	12	96.748352	before
5	1	15	1	19	3	152	835	65	15	96.748352	provision
5	1	15	1	19	4	223	835	20	12	96.985466	for
5	1	15	1	19	5	248	835	53	12	96.933258	income
5	1	15	1	19	6	307	835	39	12	82.666672	taxes
5	1	15	1	19	7	733	835	48	14	95.684891	28,011
5	1	15	1	19	8	883	835	49	14	94.680855	13,135
5	1	15	1	19	9	1030	835	50	14	96.636414	61,590
5	1	15	1	19	10	1178	835	50	14	96.475151	39,053
4	1	15	1	20	0	39	857	1189	14	-1	
5	1	15	1	20	1	39	857	67	12	96.740150	Provision
5	1	15	1	20	2	112	857	20	12	96.740150	for
5	1	15	1	20	3	137	857	53	12	96.729958	income
5	1	15	1	20	4	196	858	39	11	96.995392	taxes
5	1	15	1	20	5	742	857	39	14	85.549728	4,381
5	1	15	1	20	6	892	857	40	14	94.036293	1,886
5	1	15	1	20	7	1039	857	41	14	95.190430	9,205
5	1	15	1	20	8	1187	857	41	14	96.310669	5,568
4	1	15	1	21	0	39	880	1189	16	-1	
5	1	15	1	21	1	39	884	25	12	96.929741	Net
5	1	15	1	21	2	70	887	52	9	96.840294	income
5	1	15	1	21	3	656	880	8	14	73.644844	$
5	1	15	1	21	4	733	881	50	14	51.979126	23,630.
5	1	15	1	21	5	805	880	8	14	42.847076	$
5	1	15	1	21	6	883	881	49	14	50.920448	11,249
5	1	15	1	21	7	954	880	8	14	50.920448	$
5	1	15	1	21	8	1030	881	50	14	61.972717	52,385
5	1	15	1	21	9	1102	880	8	15	55.521145	$
5	1	15	1	21	10	1178	881	50	14	89.887207	33,485
4	1	15	1	22	0	39	932	145	16	-1	
5	1	15	1	22	1	39	932	65	16	95.475616	Earnings
5	1	15	1	22	2	110	935	24	12	93.828590	per
5	1	15	1	22	3	139	932	45	12	96.872719	share:
4	1	15	1	23	0	73	944	1152	32	-1	
5	1	15	1	23	1	73	944	39	32	96.996086	Basic
5	1	15	1	23	2	656	953	8	15	89.834282	$
5	1	15	1	23	3	753	954	28	12	68.731415	141
5	1	15	1	23	4	805	953	8	15	70.430824	$
5	1	15	1	23	5	901	954	31	12	76.114326	064
5	1	15	1	23	6	954	953	8	15	70.393188	$
5	1	15	1	23	7	1049	954	29	12	59.758270	311
5	1	15	1	23	8	1102	953	8	15	61.769375	§
5	1	15	1	23	9	1197	954	28	12	92.065399	1.91
4	1	15	1	24	0	73	967	1155	32	-1	
5	1	15	1	24	1	73	967	50	32	92.738449	Diluted
5	1	15	1	24	2	656	976	8	14	83.632698	$
5	1	15	1	24	3	753	977	30	12	88.348114	140
5	1	15	1	24	4	805	976	8	14	76.312805	$
5	1	15	1	24	5	901	977	31	12	66.139984	0.64
5	1	15	1	24	6	954	976	8	14	61.842422	$
5	1	15	1	24	7	1049	977	31	12	86.794662	3.08
5	1	15	1	24	8	1102	976	8	15	38.325848	$
5	1	15	1	24	9	1197	977	31	12	93.317009	1.89
4	1	15	1	25	0	39	1024	343	16	-1	
5	1	15	1	25	1	39	1024	52	12	96.911270	Shares
5	1	15	1	25	2	97	1024	34	12	96.984756	used
5	1	15	1	25	3	138	1024	11	12	96.973793	in
5	1	15	1	25	4	156	1025	76	15	96.681610	computing
5	1	15	1	25	5	238	1027	64	13	96.669197	earnings
5	1	15	1	25	6	308	1027	24	12	94.800339	per
5	1	15	1	25	7	337	1024	45	12	94.800339	share:
4	1	15	1	26	0	73	1037	1152	32	-1	
5	1	15	1	26	1	73	1037	39	32	96.997574	Basic
5	1	15	1	26	2	701	1047	82	14	95.662094	16,753,476
5	1	15	1	26	3	850	1047	82	14	92.214905	17,440,402
5	1	15	1	26	4	998	1047	82	14	96.258224	16,844,298
5	1	15	1	26	5	1145	1047	80	14	95.227341	17,550,281
4	1	15	1	27	0	73	1059	1152	32	-1	
5	1	15	1	27	1	73	1059	50	32	92.188522	Diluted
5	1	15	1	27	2	701	1069	82	14	94.508835	16,929,157
5	1	15	1	27	3	850	1069	82	14	94.810684	17,618,765
5	1	15	1	27	4	998	1069	82	14	95.532974	17,021,423
5	1	15	1	27	5	1146	1069	79	14	96.050369	17,718,591
2	1	16	0	0	0	351	1119	570	16	-1	
3	1	16	1	0	0	351	1119	570	16	-1	
4	1	16	1	1	0	351	1119	570	16	-1	
5	1	16	1	1	1	351	1119	28	12	96.843208	See
5	1	16	1	1	2	385	1122	107	13	96.519684	accompanying
5	1	16	1	1	3	499	1119	42	12	96.596199	Notes
5	1	16	1	1	4	547	1119	13	12	96.557785	to
5	1	16	1	1	5	567	1119	84	12	96.674469	Condensed
5	1	16	1	1	6	658	1119	96	12	96.684586	Consolidated
5	1	16	1	1	7	761	1119	65	12	96.834511	Financial
5	1	16	1	1	8	833	1119	88	12	96.611732	Statements.
2	1	17	0	0	0	516	1200	238	14	-1	
3	1	17	1	0	0	516	1200	238	14	-1	
4	1	17	1	1	0	516	1200	238	14	-1	
5	1	17	1	1	1	516	1200	38	14	93.395081	Apple
5	1	17	1	1	2	561	1200	22	11	92.695282	Inc.
5	1	17	1	1	3	591	1200	1	14	89.834030	|
5	1	17	1	1	4	598	1200	19	12	89.834030	Q2
5	1	17	1	1	5	622	1200	32	11	95.884697	2021
5	1	17	1	1	6	662	1200	34	11	93.151756	Form
5	1	17	1	1	7	703	1200	39	14	83.354187	10-Q
5	1	17	1	1	8	738	1193	5	28	92.988853	|
5	1	17	1	1	9	750	1200	4	11	76.177139	1
1	2	0	0	0	0	0	0	1275	1651	-1	
2	2	1	0	0	0	596	129	80	15	-1	
3	2	1	1	0	0	596	129	80	15	-1	
4	2	1	1	1	0	596	129	80	15	-1	
5	2	1	1	1	1	596	129	46	15	94.865334	Apple
5	2	1	1	1	2	649	129	27	12	96.265816	Inc.
2	2	2	0	0	0	278	171	717	16	-1	
3	2	2	1	0	0	278	171	717	16	-1	
4	2	2	1	1	0	278	171	717	16	-1	
5	2	2	1	1	1	278	171	106	12	96.217781	CONDENSED
5	2	2	1	1	2	390	171	134	12	96.426453	CONSOLIDATED
5	2	2	1	1	3	530	171	113	12	96.134010	STATEMENTS
5	2	2	1	1	4	649	171	22	12	96.773491	OF
5	2	2	1	1	5	677	171	147	12	96.163582	COMPREHENSIVE
5	2	2	1	1	6	830	171	66	12	96.094833	INCOME
5	2	2	1	1	7	902	171	93	16	96.128960	(Unaudited)
2	2	3	0	0	0	689	251	547	7	-1	
3	2	3	1	0	0	689	251	547	7	-1	
4	2	3	1	1	0	689	251	547	7	-1	
5	2	3	1	1	1	689	251	547	7	95.000000	 
2	2	4	0	0	0	689	289	547	7	-1	
3	2	4	1	0	0	689	289	547	7	-1	
4	2	4	1	1	0	689	289	547	7	-1	
5	2	4	1	1	1	689	289	547	7	95.000000	 
2	2	5	0	0	0	689	312	547	8	-1	
3	2	5	1	0	0	689	312	547	8	-1	
4	2	5	1	1	0	689	312	547	8	-1	
5	2	5	1	1	1	689	312	547	8	95.000000	 
2	2	6	0	0	0	689	450	547	8	-1	
3	2	6	1	0	0	689	450	547	8	-1	
4	2	6	1	1	0	689	450	547	8	-1	
5	2	6	1	1	1	689	450	547	8	95.000000	 
2	2	7	0	0	0	689	474	547	8	-1	
3	2	7	1	0	0	689	474	547	8	-1	
4	2	7	1	1	0	689	474	547	8	-1	
5	2	7	1	1	1	689	474	547	8	95.000000	 
2	2	8	0	0	0	689	567	547	7	-1	
3	2	8	1	0	0	689	567	547	7	-1	
4	2	8	1	1	0	689	567	547	7	-1	
5	2	8	1	1	1	689	567	547	7	95.000000	 
2	2	9	0	0	0	689	591	547	7	-1	
3	2	9	1	0	0	689	591	547	7	-1	
4	2	9	1	1	0	689	591	547	7	-1	
5	2	9	1	1	1	689	591	547	7	95.000000	 
2	2	10	0	0	0	689	640	547	5	-1	
3	2	10	1	0	0	689	640	547	5	-1	
4	2	10	1	1	0	689	640	547	5	-1	
5	2	10	1	1	1	689	640	547	5	95.000000	 
2	2	11	0	0	0	38	190	1195	475	-1	
3	2	11	1	0	0	38	190	1195	475	-1	
4	2	11	1	1	0	594	190	85	16	-1	
5	2	11	1	1	1	594	190	18	16	94.260040	(In
5	2	11	1	1	2	618	190	61	15	96.345901	millions)
4	2	11	1	2	0	746	238	422	11	-1	
5	2	11	1	2	1	746	238	41	11	96.557159	Three
5	2	11	1	2	2	794	238	53	11	96.229782	Months
5	2	11	1	2	3	853	238	45	11	96.818932	Ended
5	2	11	1	2	4	1035	238	22	11	95.038643	Six
5	2	11	1	2	5	1063	238	53	11	96.266212	Months
5	2	11	1	2	6	1123	238	45	11	96.428764	Ended
4	2	11	1	3	0	716	260	488	13	-1	
5	2	11	1	3	1	716	260	44	11	96.698067	March
5	2	11	1	3	2	765	260	20	13	96.955093	27,
5	2	11	1	3	3	855	260	44	11	96.427551	March
5	2	11	1	3	4	904	260	20	13	96.962982	28,
5	2	11	1	3	5	995	260	43	11	96.888115	March
5	2	11	1	3	6	1044	260	20	13	96.966293	27,
5	2	11	1	3	7	1135	260	43	11	96.746719	March
5	2	11	1	3	8	1184	260	20	13	96.889374	28,
4	2	11	1	4	0	736	276	452	11	-1	
5	2	11	1	4	1	736	276	32	11	88.157051	2021
5	2	11	1	4	2	875	276	34	11	76.714943	2020
5	2	11	1	4	3	1015	276	31	11	96.131088	2021
5	2	11	1	4	4	1154	276	34	11	79.098679	2020
4	2	11	1	5	0	39	296	1189	15	-1	
5	2	11	1	5	1	39	297	25	12	96.920135	Net
5	2	11	1	5	2	70	300	52	9	96.823509	income
5	2	11	1	5	3	691	296	8	14	84.679527	$
5	2	11	1	5	4	758	297	51	14	57.387966	23,630
5	2	11	1	5	5	830	296	8	14	75.200905	$
5	2	11	1	5	6	899	297	49	14	63.389290	11,249
5	2	11	1	5	7	969	296	8	15	76.454422	$
5	2	11	1	5	8	1037	297	50	14	65.764481	52,385
5	2	11	1	5	9	1109	296	8	15	40.662991	$
5	2	11	1	5	10	1178	297	50	14	92.561607	33,485
4	2	11	1	6	0	39	320	269	16	-1	
5	2	11	1	6	1	39	320	41	12	96.715469	Other
5	2	11	1	6	2	85	320	114	15	93.304916	comprehensive
5	2	11	1	6	3	205	320	103	16	86.411278	income/(loss):
4	2	11	1	7	0	72	342	1161	16	-1	
5	2	11	1	7	1	72	342	58	16	93.311478	Change
5	2	11	1	7	2	137	345	11	9	96.652374	in
5	2	11	1	7	3	153	342	51	16	96.454185	foreign
5	2	11	1	7	4	210	345	64	13	94.374817	currency
5	2	11	1	7	5	280	342	80	14	95.395264	translation,
5	2	11	1	7	6	368	342	22	12	96.113976	net
5	2	11	1	7	7	395	342	14	12	96.248283	of
5	2	11	1	7	8	414	343	22	11	96.684288	tax
5	2	11	1	7	9	785	342	29	16	95.462646	(78)
5	2	11	1	7	10	915	342	38	15	83.930298	(566)
5	2	11	1	7	11	1060	342	25	12	66.907608	471
5	2	11	1	7	12	1195	342	38	15	96.806618	(364)
4	2	11	1	8	0	72	390	531	16	-1	
5	2	11	1	8	1	72	390	58	16	93.570557	Change
5	2	11	1	8	2	137	393	11	9	96.750076	in
5	2	11	1	8	3	154	390	76	12	93.288147	unrealized
5	2	11	1	8	4	236	390	92	16	89.971649	gains/losses
5	2	11	1	8	5	334	393	17	9	95.793015	on
5	2	11	1	8	6	358	390	70	12	95.738358	derivative
5	2	11	1	8	7	435	390	90	14	95.148102	instruments,
5	2	11	1	8	8	532	391	22	11	96.990433	net
5	2	11	1	8	9	559	390	14	12	96.982964	of
5	2	11	1	8	10	578	391	25	11	96.936348	tax:
4	2	11	1	9	0	106	413	1127	16	-1	
5	2	11	1	9	1	106	413	58	16	96.619400	Change
5	2	11	1	9	2	170	413	11	12	96.563484	in
5	2	11	1	9	3	187	413	23	12	96.880554	fair
5	2	11	1	9	4	215	413	40	12	94.795647	value
5	2	11	1	9	5	260	413	13	12	96.959373	of
5	2	11	1	9	6	279	413	80	12	80.139420	derivatives
5	2	11	1	9	7	782	413	27	12	89.268532	332
5	2	11	1	9	8	915	413	38	16	96.669365	(143)
5	2	11	1	9	9	1069	413	18	12	95.555351	28
5	2	11	1	9	10	1204	413	29	16	95.642693	(32)
4	2	11	1	10	0	105	435	1123	16	-1	
5	2	11	1	10	1	105	435	85	16	92.876709	Adjustment
5	2	11	1	10	2	195	435	19	12	91.428688	for
5	2	11	1	10	3	220	436	22	11	93.305542	net
5	2	11	1	10	4	248	435	103	16	76.292671	(gains)/losses
5	2	11	1	10	5	357	435	57	12	95.928093	realized
5	2	11	1	10	6	420	435	27	12	96.768600	and
5	2	11	1	10	7	454	435	60	12	96.821327	included
5	2	11	1	10	8	521	435	11	12	96.902069	in
5	2	11	1	10	9	539	435	23	12	96.902069	net
5	2	11	1	10	10	567	435	53	12	95.998215	income
5	2	11	1	10	11	782	435	27	12	90.934052	759
5	2	11	1	10	12	921	435	27	12	92.813538	634
5	2	11	1	10	13	1060	435	27	12	94.394768	576
5	2	11	1	10	14	1201	435	27	12	92.973099	236
4	2	11	1	11	0	152	459	1076	16	-1	
5	2	11	1	11	1	152	459	36	12	96.822937	Total
5	2	11	1	11	2	195	459	54	16	96.851936	change
5	2	11	1	11	3	255	459	11	12	95.936058	in
5	2	11	1	11	4	273	459	76	12	93.229454	unrealized
5	2	11	1	11	5	355	459	92	16	77.623627	gains/losses
5	2	11	1	11	6	453	462	17	9	96.915947	on
5	2	11	1	11	7	476	459	71	12	96.691658	derivative
5	2	11	1	11	8	554	459	85	12	96.777794	instruments
5	2	11	1	11	9	769	459	37	14	66.008820	1,091
5	2	11	1	11	10	921	459	25	12	60.879322	491
5	2	11	1	11	11	1060	459	27	12	92.788994	604
5	2	11	1	11	12	1201	459	27	12	95.298470	204
4	2	11	1	12	0	72	507	565	16	-1	
5	2	11	1	12	1	72	507	58	16	93.288254	Change
5	2	11	1	12	2	136	507	12	12	96.690918	in
5	2	11	1	12	3	154	507	76	12	93.293365	unrealized
5	2	11	1	12	4	236	507	92	16	88.356743	gains/losses
5	2	11	1	12	5	334	510	17	9	96.889824	on
5	2	11	1	12	6	358	507	82	12	96.820557	marketable
5	2	11	1	12	7	446	507	32	12	96.899849	debt
5	2	11	1	12	8	484	507	74	14	91.960846	securities,
5	2	11	1	12	9	565	508	22	11	96.887360	net
5	2	11	1	12	10	592	507	15	12	96.954842	of
5	2	11	1	12	11	611	508	26	11	96.927254	tax:
4	2	11	1	13	0	106	529	1127	16	-1	
5	2	11	1	13	1	106	529	58	16	95.226097	Change
5	2	11	1	13	2	170	529	11	12	96.533180	in
5	2	11	1	13	3	187	529	23	12	96.799736	fair
5	2	11	1	13	4	215	529	40	12	96.609344	value
5	2	11	1	13	5	261	529	14	12	94.944626	of
5	2	11	1	13	6	280	529	82	12	96.976234	marketable
5	2	11	1	13	7	368	529	32	12	94.553398	debt
5	2	11	1	13	8	405	529	70	12	93.349281	securities
5	2	11	1	13	9	761	529	52	15	94.198563	(1,403)
5	2	11	1	13	10	901	529	52	15	96.452477	(2,325)
5	2	11	1	13	11	1054	529	38	16	76.892357	(775)
5	2	11	1	13	12	1180	529	53	15	94.273308	(2,200)
4	2	11	1	14	0	105	552	1123	16	-1	
5	2	11	1	14	1	105	552	85	16	92.490089	Adjustment
5	2	11	1	14	2	195	552	19	12	96.627678	for
5	2	11	1	14	3	220	553	22	11	93.305565	net
5	2	11	1	14	4	248	552	103	16	78.271477	(gains)/losses
5	2	11	1	14	5	357	552	57	12	96.823326	realized
5	2	11	1	14	6	420	552	27	12	96.865814	and
5	2	11	1	14	7	453	552	62	12	96.834236	included
5	2	11	1	14	8	521	552	11	12	96.883034	in
5	2	11	1	14	9	539	552	23	12	96.708977	net
5	2	11	1	14	10	567	552	53	12	93.287933	income
5	2	11	1	14	11	785	552	29	16	88.651726	(75)
5	2	11	1	14	12	930	552	18	12	96.912674	29
5	2	11	1	14	13	1054	552	38	16	95.460724	(180)
5	2	11	1	14	14	1211	552	17	12	96.276237	19
4	2	11	1	15	0	152	576	1081	16	-1	
5	2	11	1	15	1	152	576	36	12	96.857231	Total
5	2	11	1	15	2	195	576	54	16	95.355499	change
5	2	11	1	15	3	255	576	11	12	96.861717	in
5	2	11	1	15	4	273	576	76	12	93.229012	unrealized
5	2	11	1	15	5	355	576	92	16	89.728409	gains/losses
5	2	11	1	15	6	453	579	17	9	96.986969	on
5	2	11	1	15	7	477	576	82	12	96.974411	marketable
5	2	11	1	15	8	565	576	32	12	96.819122	debt
5	2	11	1	15	9	602	576	70	12	87.328659	securities
5	2	11	1	15	10	761	576	52	15	90.096725	(1,478)
5	2	11	1	15	11	901	576	52	15	94.102539	(2,296)
5	2	11	1	15	12	1054	576	38	16	93.993362	(955)
5	2	11	1	15	13	1180	576	53	15	94.214180	(2,181)
4	2	11	1	16	0	38	624	1195	15	-1	
5	2	11	1	16	1	38	624	36	12	96.842003	Total
5	2	11	1	16	2	81	624	38	12	96.748978	other
5	2	11	1	16	3	124	624	113	15	93.305588	comprehensive
5	2	11	1	16	4	244	624	98	15	90.246994	income/(loss)
5	2	11	1	16	5	776	624	38	15	94.435455	(465)
5	2	11	1	16	6	901	624	52	15	90.948853	(2,371)
5	2	11	1	16	7	1061	624	26	12	95.978714	120
5	2	11	1	16	8	1180	624	53	15	95.321053	(2,341)
4	2	11	1	17	0	38	647	1190	18	-1	
5	2	11	1	17	1	38	650	36	12	94.964096	Total
5	2	11	1	17	2	81	650	113	15	96.844147	comprehensive
5	2	11	1	17	3	200	650	53	12	96.887489	income
5	2	11	1	17	4	691	647	8	15	80.624992	$
5	2	11	1	17	5	758	648	51	14	64.009674	23,165
5	2	11	1	17	6	830	647	8	15	64.009674	$
5	2	11	1	17	7	907	648	41	14	69.034271	8878
5	2	11	1	17	8	969	647	8	15	72.617691	$
5	2	11	1	17	9	1037	648	50	14	70.020805	52,505
5	2	11	1	17	10	1109	647	8	15	43.084148	$
5	2	11	1	17	11	1178	648	50	14	92.322472	31,144
2	2	12	0	0	0	689	664	547	5	-1	
3	2	12	1	0	0	689	664	547	5	-1	
4	2	12	1	1	0	689	664	547	5	-1	
5	2	12	1	1	1	689	664	547	5	95.000000	 
2	2	13	0	0	0	689	668	547	5	-1	
3	2	13	1	0	0	689	668	547	5	-1	
4	2	13	1	1	0	689	668	547	5	-1	
5	2	13	1	1	1	689	668	547	5	95.000000	 
2	2	14	0	0	0	351	702	570	16	-1	
3	2	14	1	0	0	351	702	570	16	-1	
4	2	14	1	1	0	351	702	570	16	-1	
5	2	14	1	1	1	351	702	28	12	96.843208	See
5	2	14	1	1	2	385	705	107	13	96.519684	accompanying
5	2	14	1	1	3	499	702	42	12	96.596199	Notes
5	2	14	1	1	4	547	702	13	12	96.557785	to
5	2	14	1	1	5	567	702	84	12	96.674469	Condensed
5	2	14	1	1	6	658	702	96	12	96.684586	Consolidated
5	2	14	1	1	7	761	702	65	12	96.834511	Financial
5	2	14	1	1	8	833	702	88	12	96.611732	Statements.
2	2	15	0	0	0	516	784	240	14	-1	
3	2	15	1	0	0	516	784	240	14	-1	
4	2	15	1	1	0	516	784	240	14	-1	
5	2	15	1	1	1	516	784	38	14	90.745018	Apple
5	2	15	1	1	2	561	784	22	11	90.745018	Inc.
5	2	15	1	1	3	591	784	1	14	90.757278	|
5	2	15	1	1	4	598	784	19	12	90.757278	Q2
5	2	15	1	1	5	622	784	32	11	91.955536	2021
5	2	15	1	1	6	662	784	34	11	93.212479	Form
5	2	15	1	1	7	703	784	39	14	72.750137	10-Q|
5	2	15	1	1	8	748	784	8	11	96.863297	2
1	3	0	0	0	0	0	0	1275	1651	-1	
2	3	1	0	0	0	596	129	80	15	-1	
3	3	1	1	0	0	596	129	80	15	-1	
4	3	1	1	1	0	596	129	80	15	-1	
5	3	1	1	1	1	596	129	46	15	94.865334	Apple
5	3	1	1	1	2	649	129	27	12	96.265816	Inc.
2	3	2	0	0	0	319	171	635	35	-1	
3	3	2	1	0	0	319	171	635	35	-1	
4	3	2	1	1	0	384	171	504	16	-1	
5	3	2	1	1	1	384	171	107	12	94.917854	CONDENSED
5	3	2	1	1	2	497	171	133	12	96.185211	CONSOLIDATED
5	3	2	1	1	3	637	171	80	12	96.136703	BALANCE
5	3	2	1	1	4	724	171	66	12	96.755081	SHEETS
5	3	2	1	1	5	796	171	92	16	95.796097	(Unaudited)
4	3	2	1	2	0	319	190	635	16	-1	
5	3	2	1	2	1	319	190	18	16	96.313477	(In
5	3	2	1	2	2	344	190	58	14	96.006676	millions,
5	3	2	1	2	3	409	191	49	14	96.154709	except
5	3	2	1	2	4	464	190	56	12	96.842712	number
5	3	2	1	2	5	525	190	14	12	96.917351	of
5	3	2	1	2	6	544	190	50	12	96.964058	shares
5	3	2	1	2	7	599	190	42	12	96.936699	which
5	3	2	1	2	8	648	193	23	9	96.992950	are
5	3	2	1	2	9	677	190	63	12	95.204872	reflected
5	3	2	1	2	10	747	193	11	9	96.728310	in
5	3	2	1	2	11	764	190	77	12	96.728310	thousands
5	3	2	1	2	12	847	190	26	12	96.904602	and
5	3	2	1	2	13	880	193	23	12	95.997009	par
5	3	2	1	2	14	908	190	46	15	95.997009	value)
2	3	3	0	0	0	918	269	318	1	-1	
3	3	3	1	0	0	918	269	318	1	-1	
4	3	3	1	1	0	918	269	318	1	-1	
5	3	3	1	1	1	918	269	318	1	95.000000	 
2	3	4	0	0	0	39	273	889	170	-1	
3	3	4	1	0	0	39	273	632	35	-1	
4	3	4	1	1	0	600	273	71	12	-1	
5	3	4	1	1	1	600	273	71	12	96.086082	ASSETS:
4	3	4	1	2	0	39	296	112	12	-1	
5	3	4	1	2	1	39	296	55	12	96.887520	Current
5	3	4	1	2	2	99	297	52	11	95.810478	assets:
3	3	4	2	0	0	72	317	856	16	-1	
4	3	4	2	1	0	72	317	856	16	-1	
5	3	4	2	1	1	72	318	38	12	94.153099	Cash
5	3	4	2	1	2	116	318	27	12	96.947853	and
5	3	4	2	1	3	149	318	34	12	96.987236	cash
5	3	4	2	1	4	190	318	84	15	96.760506	equivalents
5	3	4	2	1	5	920	317	8	14	91.376244	$
3	3	4	3	0	0	73	341	157	12	-1	
4	3	4	3	1	0	73	341	157	12	-1	
5	3	4	3	1	1	73	341	82	12	90.454132	Marketable
5	3	4	3	1	2	160	341	70	12	89.693024	securities
3	3	4	4	0	0	72	363	183	14	-1	
4	3	4	4	1	0	72	363	183	14	-1	
5	3	4	4	1	1	72	363	68	12	96.854630	Accounts
5	3	4	4	1	2	147	363	79	14	96.245491	receivable,
5	3	4	4	1	3	233	364	22	11	96.747467	net
3	3	4	5	0	0	73	386	81	12	-1	
4	3	4	5	1	0	73	386	81	12	-1	
5	3	4	5	1	1	73	386	81	12	96.579979	Inventories
3	3	4	6	0	0	72	408	221	12	-1	
4	3	4	6	1	0	72	408	221	12	-1	
5	3	4	6	1	1	72	408	54	12	93.278900	Vendor
5	3	4	6	1	2	132	408	70	12	89.646912	non-trade
5	3	4	6	1	3	209	408	84	12	86.084038	receivables
3	3	4	7	0	0	72	431	152	12	-1	
4	3	4	7	1	0	72	431	152	12	-1	
5	3	4	7	1	1	72	431	42	12	95.857628	Other
5	3	4	7	1	2	119	431	52	12	95.391525	current
5	3	4	7	1	3	176	431	48	12	73.312164	assets
2	3	5	0	0	0	918	449	318	1	-1	
3	3	5	1	0	0	918	449	318	1	-1	
4	3	5	1	1	0	918	449	318	1	-1	
5	3	5	1	1	1	918	449	318	1	95.000000	 
2	3	6	0	0	0	106	455	147	12	-1	
3	3	6	1	0	0	106	455	147	12	-1	
4	3	6	1	1	0	106	455	147	12	-1	
5	3	6	1	1	1	106	455	36	12	96.547592	Total
5	3	6	1	1	2	148	455	52	12	96.529686	current
5	3	6	1	1	3	205	456	48	11	96.679749	assets
2	3	7	0	0	0	39	503	292	79	-1	
3	3	7	1	0	0	39	503	292	79	-1	
4	3	7	1	1	0	39	503	145	12	-1	
5	3	7	1	1	1	39	503	88	12	88.303368	Non-current
5	3	7	1	1	2	132	503	52	12	95.591873	assets:
4	3	7	1	2	0	73	525	157	12	-1	
5	3	7	1	2	1	73	525	82	12	92.726425	Marketable
5	3	7	1	2	2	160	525	70	12	85.870178	securities
4	3	7	1	3	0	73	548	258	16	-1	
5	3	7	1	3	1	73	548	66	16	96.534119	Property,
5	3	7	1	3	2	146	548	36	15	96.009102	plant
5	3	7	1	3	3	187	548	26	12	95.872169	and
5	3	7	1	3	4	220	549	82	14	96.203964	equipment,
5	3	7	1	3	5	309	548	22	12	93.409927	net
4	3	7	1	4	0	72	570	186	12	-1	
5	3	7	1	4	1	72	570	42	12	92.736275	Other
5	3	7	1	4	2	120	570	85	12	80.068375	non-current
5	3	7	1	4	3	210	571	48	11	95.922562	assets
2	3	8	0	0	0	918	588	318	2	-1	
3	3	8	1	0	0	918	588	318	2	-1	
4	3	8	1	1	0	918	588	318	2	-1	
5	3	8	1	1	1	918	588	318	2	95.000000	 
2	3	9	0	0	0	106	594	181	12	-1	
3	3	9	1	0	0	106	594	181	12	-1	
4	3	9	1	1	0	106	594	181	12	-1	
5	3	9	1	1	1	106	594	36	12	93.285667	Total
5	3	9	1	1	2	149	595	85	11	92.937027	non-current
5	3	9	1	1	3	239	595	48	11	96.531990	assets
2	3	10	0	0	0	918	612	318	2	-1	
3	3	10	1	0	0	918	612	318	2	-1	
4	3	10	1	1	0	918	612	318	2	-1	
5	3	10	1	1	1	918	612	318	2	95.000000	 
2	3	11	0	0	0	139	617	789	16	-1	
3	3	11	1	0	0	139	617	789	16	-1	
4	3	11	1	1	0	139	617	789	16	-1	
5	3	11	1	1	1	139	621	36	12	96.367775	Total
5	3	11	1	1	2	182	621	48	12	95.994308	assets
5	3	11	1	1	3	920	617	8	15	85.168732	$
2	3	12	0	0	0	918	636	318	2	-1	
3	3	12	1	0	0	918	636	318	2	-1	
4	3	12	1	1	0	918	636	318	2	-1	
5	3	12	1	1	1	918	636	318	2	95.000000	 
2	3	13	0	0	0	918	640	318	2	-1	
3	3	13	1	0	0	918	640	318	2	-1	
4	3	13	1	1	0	918	640	318	2	-1	
5	3	13	1	1	1	918	640	318	2	95.000000	 
2	3	14	0	0	0	39	669	889	147	-1	
3	3	14	1	0	0	39	669	889	147	-1	
4	3	14	1	1	0	456	669	360	13	-1	
5	3	14	1	1	1	456	669	95	12	95.284317	LIABILITIES
5	3	14	1	1	2	557	669	35	12	97.010017	AND
5	3	14	1	1	3	598	669	145	12	93.098404	SHAREHOLDERS’
5	3	14	1	1	4	750	669	66	13	95.201866	EQUITY:
4	3	14	1	2	0	39	691	127	12	-1	
5	3	14	1	2	1	39	691	55	12	95.784454	Current
5	3	14	1	2	2	100	691	66	12	96.351707	liabilities:
4	3	14	1	3	0	72	713	856	17	-1	
5	3	14	1	3	1	72	714	68	12	91.943382	Accounts
5	3	14	1	3	2	147	714	57	16	91.943382	payable
5	3	14	1	3	3	920	713	8	15	90.592842	$
4	3	14	1	4	0	72	736	167	12	-1	
5	3	14	1	4	1	72	736	42	12	95.969604	Other
5	3	14	1	4	2	119	736	52	12	93.742210	current
5	3	14	1	4	3	177	736	62	12	96.635063	liabilities
4	3	14	1	5	0	73	759	129	12	-1	
5	3	14	1	5	1	73	759	63	12	96.719482	Deferred
5	3	14	1	5	2	143	762	59	9	96.444252	revenue
4	3	14	1	6	0	72	781	137	15	-1	
5	3	14	1	6	1	72	781	88	12	94.530151	Commercial
5	3	14	1	6	2	167	784	42	12	97.006386	paper
4	3	14	1	7	0	72	804	76	12	-1	
5	3	14	1	7	1	72	804	38	12	96.372253	Term
5	3	14	1	7	2	116	804	32	12	96.372253	debt
2	3	15	0	0	0	918	822	318	1	-1	
3	3	15	1	0	0	918	822	318	1	-1	
4	3	15	1	1	0	918	822	318	1	-1	
5	3	15	1	1	1	918	822	318	1	95.000000	 
2	3	16	0	0	0	106	828	162	12	-1	
3	3	16	1	0	0	106	828	162	12	-1	
4	3	16	1	1	0	106	828	162	12	-1	
5	3	16	1	1	1	106	828	36	12	96.675163	Total
5	3	16	1	1	2	148	828	52	12	95.228592	current
5	3	16	1	1	3	206	828	62	12	90.244537	liabilities
2	3	17	0	0	0	39	875	234	57	-1	
3	3	17	1	0	0	39	875	234	57	-1	
4	3	17	1	1	0	39	875	160	12	-1	
5	3	17	1	1	1	39	875	88	12	92.876602	Non-current
5	3	17	1	1	2	133	875	66	12	96.009384	liabilities:
4	3	17	1	2	0	72	898	76	12	-1	
5	3	17	1	2	1	72	898	38	12	96.091812	Term
5	3	17	1	2	2	116	898	32	12	96.100067	debt
4	3	17	1	3	0	72	920	201	12	-1	
5	3	17	1	3	1	72	920	42	12	93.304611	Other
5	3	17	1	3	2	120	920	85	12	91.601898	non-current
5	3	17	1	3	3	211	920	62	12	96.419815	liabilities
2	3	18	0	0	0	918	938	318	2	-1	
3	3	18	1	0	0	918	938	318	2	-1	
4	3	18	1	1	0	918	938	318	2	-1	
5	3	18	1	1	1	918	938	318	2	95.000000	 
2	3	19	0	0	0	106	944	196	12	-1	
3	3	19	1	0	0	106	944	196	12	-1	
4	3	19	1	1	0	106	944	196	12	-1	
5	3	19	1	1	1	106	944	36	12	93.244598	Total
5	3	19	1	1	2	149	944	85	12	92.442619	non-current
5	3	19	1	1	3	239	944	63	12	86.302483	liabilities
2	3	20	0	0	0	918	962	318	2	-1	
3	3	20	1	0	0	918	962	318	2	-1	
4	3	20	1	1	0	918	962	318	2	-1	
5	3	20	1	1	1	918	962	318	2	95.000000	 
2	3	21	0	0	0	139	968	105	12	-1	
3	3	21	1	0	0	139	968	105	12	-1	
4	3	21	1	1	0	139	968	105	12	-1	
5	3	21	1	1	1	139	968	36	12	96.612518	Total
5	3	21	1	1	2	182	968	62	12	96.518990	liabilities
2	3	22	0	0	0	918	986	318	2	-1	
3	3	22	1	0	0	918	986	318	2	-1	
4	3	22	1	1	0	918	986	318	2	-1	
5	3	22	1	1	1	918	986	318	2	95.000000	 
2	3	23	0	0	0	39	1016	243	16	-1	
3	3	23	1	0	0	39	1016	243	16	-1	
4	3	23	1	1	0	39	1016	243	16	-1	
5	3	23	1	1	1	39	1016	102	12	96.088608	Commitments
5	3	23	1	1	2	147	1016	26	12	96.963394	and
5	3	23	1	1	3	180	1016	102	16	95.166412	contingencies
2	3	24	0	0	0	39	1064	156	16	-1	
3	3	24	1	0	0	39	1064	156	16	-1	
4	3	24	1	1	0	39	1064	156	16	-1	
5	3	24	1	1	1	39	1064	102	12	94.693489	Shareholders’
5	3	24	1	1	2	147	1065	48	15	96.458473	equity:
2	3	25	0	0	0	72	1085	812	34	-1	
3	3	25	1	0	0	72	1085	812	34	-1	
4	3	25	1	1	0	72	1085	812	16	-1	
5	3	25	1	1	1	72	1086	67	12	95.106697	Common
5	3	25	1	1	2	145	1086	39	12	96.873672	stock
5	3	25	1	1	3	190	1086	26	12	96.969528	and
5	3	25	1	1	4	223	1086	70	12	96.358871	additional
5	3	25	1	1	5	300	1086	49	15	96.358871	paid-in
5	3	25	1	1	6	355	1086	52	15	93.288750	capital,
5	3	25	1	1	7	413	1085	67	15	91.158585	$0.00001
5	3	25	1	1	8	489	1089	23	12	96.964256	par
5	3	25	1	1	9	517	1086	44	12	96.954666	value:
5	3	25	1	1	10	568	1086	83	14	96.790627	50,400,000
5	3	25	1	1	11	657	1086	49	12	96.959183	shares
5	3	25	1	1	12	712	1086	82	14	96.907677	authorized;
5	3	25	1	1	13	801	1086	83	14	96.825920	16,686,305
4	3	25	1	2	0	89	1103	449	16	-1	
5	3	25	1	2	1	89	1103	27	12	96.960136	and
5	3	25	1	2	2	123	1103	82	14	96.628059	16,976,763
5	3	25	1	2	3	211	1103	50	12	96.811058	shares
5	3	25	1	2	4	267	1103	47	12	96.481255	issued
5	3	25	1	2	5	320	1103	27	12	96.434975	and
5	3	25	1	2	6	353	1103	90	16	96.246498	outstanding,
5	3	25	1	2	7	450	1103	88	16	96.937157	respectively
2	3	26	0	0	0	72	1126	364	38	-1	
3	3	26	1	0	0	72	1126	364	38	-1	
4	3	26	1	1	0	73	1126	135	16	-1	
5	3	26	1	1	1	73	1126	65	12	96.973480	Retained
5	3	26	1	1	2	144	1129	64	13	96.799782	earnings
4	3	26	1	2	0	72	1148	364	16	-1	
5	3	26	1	2	1	72	1148	96	12	93.955391	Accumulated
5	3	26	1	2	2	174	1148	38	12	96.921532	other
5	3	26	1	2	3	218	1148	113	15	93.221336	comprehensive
5	3	26	1	2	4	337	1148	99	16	74.011978	income/(loss)
2	3	27	0	0	0	918	1166	318	2	-1	
3	3	27	1	0	0	918	1166	318	2	-1	
4	3	27	1	1	0	918	1166	318	2	-1	
5	3	27	1	1	1	918	1166	318	2	95.000000	 
2	3	28	0	0	0	106	1172	192	16	-1	
3	3	28	1	0	0	106	1172	192	16	-1	
4	3	28	1	1	0	106	1172	192	16	-1	
5	3	28	1	1	1	106	1172	36	12	96.664948	Total
5	3	28	1	1	2	148	1172	100	12	90.144905	shareholders’
5	3	28	1	1	3	254	1173	44	15	96.752701	equity
2	3	29	0	0	0	918	1190	318	2	-1	
3	3	29	1	0	0	918	1190	318	2	-1	
4	3	29	1	1	0	918	1190	318	2	-1	
5	3	29	1	1	1	918	1190	318	2	95.000000	 
2	3	30	0	0	0	139	1195	789	20	-1	
3	3	30	1	0	0	139	1195	789	20	-1	
4	3	30	1	1	0	139	1195	789	20	-1	
5	3	30	1	1	1	139	1199	36	12	96.764832	Total
5	3	30	1	1	2	182	1199	62	12	95.707909	liabilities
5	3	30	1	1	3	250	1199	27	12	96.585205	and
5	3	30	1	1	4	283	1199	100	12	86.822639	shareholders’
5	3	30	1	1	5	389	1199	45	16	96.931847	equity
5	3	30	1	1	6	920	1195	8	15	85.262650	$
2	3	31	0	0	0	957	238	274	972	-1	
3	3	31	1	0	0	957	238	251	26	-1	
4	3	31	1	1	0	957	238	251	14	-1	
5	3	31	1	1	1	957	238	44	11	96.315117	March
5	3	31	1	1	2	1006	238	20	13	96.930328	27,
5	3	31	1	1	3	1104	238	80	14	95.304764	September
5	3	31	1	1	4	1188	238	20	13	96.945526	26,
4	3	31	1	2	0	977	253	198	11	-1	
5	3	31	1	2	1	977	253	32	11	89.630959	2021
5	3	31	1	2	2	1142	253	33	11	96.337936	2020
3	3	31	2	0	0	1002	317	229	893	-1	
4	3	31	2	1	0	1012	317	214	15	-1	
5	3	31	2	1	1	1012	318	50	14	63.926617	38,466
5	3	31	2	1	2	1083	317	8	15	64.261292	$
5	3	31	2	1	3	1176	318	50	14	96.227776	38,016
4	3	31	2	2	0	1012	341	214	14	-1	
5	3	31	2	2	1	1012	341	50	14	95.686279	31,368
5	3	31	2	2	2	1176	341	50	14	96.329872	52,927
4	3	31	2	3	0	1013	363	213	14	-1	
5	3	31	2	3	1	1013	363	49	14	96.331436	18,503
5	3	31	2	3	2	1177	363	49	14	95.798347	16,120
4	3	31	2	4	0	1021	386	203	14	-1	
5	3	31	2	4	1	1021	386	41	14	95.456413	5,219
5	3	31	2	4	2	1185	386	39	14	95.989426	4,061
4	3	31	2	5	0	1013	408	213	14	-1	
5	3	31	2	5	1	1013	408	49	14	95.219414	14,533
5	3	31	2	5	2	1176	408	50	14	94.051163	21,325
4	3	31	2	6	0	1012	431	214	14	-1	
5	3	31	2	6	1	1012	431	50	14	96.322090	13,376
5	3	31	2	6	2	1177	431	49	14	94.740540	11,264
4	3	31	2	7	0	1003	455	223	14	-1	
5	3	31	2	7	1	1003	455	59	14	94.496201	121,465
5	3	31	2	7	2	1168	455	58	14	96.127411	143,713
4	3	31	2	8	0	1003	525	223	14	-1	
5	3	31	2	8	1	1003	525	59	14	94.450562	134,539
5	3	31	2	8	2	1168	525	58	14	96.006363	100,887
4	3	31	2	9	0	1012	548	214	14	-1	
5	3	31	2	9	1	1012	548	50	14	95.549088	37,815
5	3	31	2	9	2	1176	548	50	14	90.127213	36,766
4	3	31	2	10	0	1011	570	215	14	-1	
5	3	31	2	10	1	1011	570	51	14	84.113243	43,339
5	3	31	2	10	2	1175	570	51	14	91.659859	42,522
4	3	31	2	11	0	1002	594	224	14	-1	
5	3	31	2	11	1	1002	594	60	14	94.164436	215,693
5	3	31	2	11	2	1168	594	58	14	95.809906	180,175
4	3	31	2	12	0	1002	617	224	15	-1	
5	3	31	2	12	1	1002	618	60	14	72.350815	337,158
5	3	31	2	12	2	1083	617	8	15	82.046440	$
5	3	31	2	12	3	1167	618	59	14	95.841728	323,888
4	3	31	2	13	0	1011	713	215	15	-1	
5	3	31	2	13	1	1011	714	51	14	71.297134	40,127
5	3	31	2	13	2	1083	713	8	15	71.297134	$
5	3	31	2	13	3	1175	714	51	14	90.610596	42,296
4	3	31	2	14	0	1011	736	215	14	-1	
5	3	31	2	14	1	1011	736	51	14	87.898453	45,660
5	3	31	2	14	2	1175	736	51	14	92.608139	42,684
4	3	31	2	15	0	1021	759	205	14	-1	
5	3	31	2	15	1	1021	759	41	14	94.518738	7,595
5	3	31	2	15	2	1185	759	41	14	95.339806	6,643
4	3	31	2	16	0	1021	781	205	14	-1	
5	3	31	2	16	1	1021	781	41	14	96.610367	5,000
5	3	31	2	16	2	1185	781	41	14	95.431320	4,996
4	3	31	2	17	0	1021	804	205	14	-1	
5	3	31	2	17	1	1021	804	41	14	96.564758	8,003
5	3	31	2	17	2	1185	804	41	14	96.004913	8,773
4	3	31	2	18	0	1003	828	223	14	-1	
5	3	31	2	18	1	1003	828	59	14	90.757736	106,385
5	3	31	2	18	2	1168	828	58	14	95.663589	105,392
4	3	31	2	19	0	1003	898	223	14	-1	
5	3	31	2	19	1	1003	898	59	14	93.859421	108,642
5	3	31	2	19	2	1176	898	50	14	96.010536	98,667
4	3	31	2	20	0	1012	920	214	14	-1	
5	3	31	2	20	1	1012	920	50	14	96.596130	52,953
5	3	31	2	20	2	1176	920	50	14	96.029411	54,490
4	3	31	2	21	0	1003	944	223	14	-1	
5	3	31	2	21	1	1003	944	59	14	90.927574	161,595
5	3	31	2	21	2	1168	944	58	14	94.773598	153,157
4	3	31	2	22	0	1002	968	224	14	-1	
5	3	31	2	22	1	1002	968	60	14	96.168022	267,980
5	3	31	2	22	2	1167	968	59	14	95.649429	258,549
4	3	31	2	23	0	1008	1093	218	32	-1	
5	3	31	2	23	1	1008	1093	54	32	95.592621	54,203
5	3	31	2	23	2	1176	1103	50	14	96.718002	50,779
4	3	31	2	24	0	1013	1126	213	14	-1	
5	3	31	2	24	1	1013	1126	46	14	96.061165	15,261
5	3	31	2	24	2	1177	1126	49	14	96.182472	14,966
4	3	31	2	25	0	1029	1148	202	16	-1	
5	3	31	2	25	1	1029	1148	38	16	96.840706	(286)
5	3	31	2	25	2	1193	1148	38	16	96.658928	(406)
4	3	31	2	26	0	1011	1172	215	14	-1	
5	3	31	2	26	1	1011	1172	51	14	94.110580	69,178
5	3	31	2	26	2	1176	1172	50	14	83.945831	65,339
4	3	31	2	27	0	1002	1195	224	15	-1	
5	3	31	2	27	1	1002	1196	60	14	75.528412	337,158
5	3	31	2	27	2	1083	1195	8	15	75.868263	$
5	3	31	2	27	3	1167	1196	59	14	95.955429	323,888
2	3	32	0	0	0	918	1214	318	1	-1	
3	3	32	1	0	0	918	1214	318	1	-1	
4	3	32	1	1	0	918	1214	318	1	-1	
5	3	32	1	1	1	918	1214	318	1	95.000000	 
2	3	33	0	0	0	918	1218	318	2	-1	
3	3	33	1	0	0	918	1218	318	2	-1	
4	3	33	1	1	0	918	1218	318	2	-1	
5	3	33	1	1	1	918	1218	318	2	95.000000	 
2	3	34	0	0	0	351	1251	570	16	-1	
3	3	34	1	0	0	351	1251	570	16	-1	
4	3	34	1	1	0	351	1251	570	16	-1	
5	3	34	1	1	1	351	1251	28	12	96.843208	See
5	3	34	1	1	2	385	1254	107	13	96.519684	accompanying
5	3	34	1	1	3	499	1251	42	12	96.596199	Notes
5	3	34	1	1	4	547	1251	13	12	96.557785	to
5	3	34	1	1	5	567	1251	84	12	96.674469	Condensed
5	3	34	1	1	6	658	1251	96	12	96.684586	Consolidated
5	3	34	1	1	7	761	1251	65	12	96.834511	Financial
5	3	34	1	1	8	833	1251	88	12	96.611732	Statements.
2	3	35	0	0	0	516	1332	240	14	-1	
3	3	35	1	0	0	516	1332	240	14	-1	
4	3	35	1	1	0	516	1332	240	14	-1	
5	3	35	1	1	1	516	1332	38	14	94.209656	Apple
5	3	35	1	1	2	561	1332	22	11	94.209656	Inc.
5	3	35	1	1	3	591	1332	1	14	90.802536	|
5	3	35	1	1	4	598	1332	19	12	90.802536	Q2
5	3	35	1	1	5	622	1332	32	11	93.032837	2021
5	3	35	1	1	6	662	1332	34	11	93.192993	Form
5	3	35	1	1	7	703	1332	53	14	34.553535	10-Q|3
